<?xml version="1.0" encoding="UTF-8"?>
<project-private xmlns="http://www.netbeans.org/ns/project-private/1">
    <editor-bookmarks xmlns="http://www.netbeans.org/ns/editor-bookmarks/2" lastBookmarkId="0"/>
    <open-files xmlns="http://www.netbeans.org/ns/projectui-open-files/2">
        <group>
            <file>file:/C:/Users/Tyler/Documents/NetBeansProjects/Velez_web/web/webAPIs/listOtherAPI.jsp</file>
            <file>file:/C:/Users/Tyler/Documents/NetBeansProjects/Velez_web/src/java/model/userPost/DbMods.java</file>
            <file>file:/C:/Users/Tyler/Documents/NetBeansProjects/Velez_web/web/webAPIs/insertOtherAPI.jsp</file>
            <file>file:/C:/Users/Tyler/Documents/NetBeansProjects/Velez_web/web/js/components/posts.js</file>
            <file>file:/C:/Users/Tyler/Documents/NetBeansProjects/Velez_web/web/index.html</file>
            <file>file:/C:/Users/Tyler/Documents/NetBeansProjects/Velez_web/src/java/model/userPost/StringData.java</file>
        </group>
    </open-files>
</project-private>
